variant_name,mask_name,width_core,halo_width,keep_core,keep_halo,side_sigma,feather_radius,core_coverage_percent,halo_coverage_percent,edit_coverage_percent,mean_abs_removed_core,mean_abs_removed_halo,mean_abs_removed_outside,core_outside_ratio
C90b_wc3_h4_kc0.00_kh0.2_s10,C90b,3,4,0.0,0.2,10.0,2.0,2.2777952206523637,5.310081981510553,7.587877202162916,198.90719604492188,169.08506774902344,0.0,198907196.04492188
C90b_wc3_h4_kc0.00_kh0.3_s10,C90b,3,4,0.0,0.3,10.0,2.0,2.2777952206523637,5.310081981510553,7.587877202162916,198.90719604492188,147.9493408203125,0.0,198907196.04492188
C90b_wc3_h4_kc0.05_kh0.2_s10,C90b,3,4,0.05,0.2,10.0,2.0,2.2777952206523637,5.310081981510553,7.587877202162916,188.9618377685547,169.08506774902344,0.0,188961837.7685547
C90b_wc3_h4_kc0.05_kh0.3_s10,C90b,3,4,0.05,0.3,10.0,2.0,2.2777952206523637,5.310081981510553,7.587877202162916,188.9618377685547,147.9493408203125,0.0,188961837.7685547
C90b_wc3_h4_kc0.10_kh0.2_s10,C90b,3,4,0.1,0.2,10.0,2.0,2.2777952206523637,5.310081981510553,7.587877202162916,179.01646423339844,169.08506774902344,0.0,179016464.23339844
C90b_wc3_h4_kc0.10_kh0.3_s10,C90b,3,4,0.1,0.3,10.0,2.0,2.2777952206523637,5.310081981510553,7.587877202162916,179.01646423339844,147.9493408203125,0.0,179016464.23339844
C90b_wc3_h4_kc0.00_kh0.2_s15,C90b,3,4,0.0,0.2,15.0,2.0,2.2777952206523637,5.310081981510553,7.587877202162916,206.67889404296875,176.1427764892578,0.0,206678894.04296875
C90b_wc3_h4_kc0.00_kh0.3_s15,C90b,3,4,0.0,0.3,15.0,2.0,2.2777952206523637,5.310081981510553,7.587877202162916,206.67889404296875,154.12489318847656,0.0,206678894.04296875
C90b_wc3_h4_kc0.05_kh0.2_s15,C90b,3,4,0.05,0.2,15.0,2.0,2.2777952206523637,5.310081981510553,7.587877202162916,196.34494018554688,176.1427764892578,0.0,196344940.18554688
C90b_wc3_h4_kc0.05_kh0.3_s15,C90b,3,4,0.05,0.3,15.0,2.0,2.2777952206523637,5.310081981510553,7.587877202162916,196.34494018554688,154.12489318847656,0.0,196344940.18554688
C90b_wc3_h4_kc0.10_kh0.2_s15,C90b,3,4,0.1,0.2,15.0,2.0,2.2777952206523637,5.310081981510553,7.587877202162916,186.010986328125,176.1427764892578,0.0,186010986.328125
C90b_wc3_h4_kc0.10_kh0.3_s15,C90b,3,4,0.1,0.3,15.0,2.0,2.2777952206523637,5.310081981510553,7.587877202162916,186.010986328125,154.12489318847656,0.0,186010986.328125
C90b_wc3_h8_kc0.00_kh0.2_s10,C90b,3,8,0.0,0.2,10.0,2.0,2.2777952206523637,12.61531484388627,14.893110064538636,217.40859985351562,169.6013946533203,0.0,217408599.85351562
C90b_wc3_h8_kc0.00_kh0.3_s10,C90b,3,8,0.0,0.3,10.0,2.0,2.2777952206523637,12.61531484388627,14.893110064538636,217.40859985351562,148.40121459960938,0.0,217408599.85351562
C90b_wc3_h8_kc0.05_kh0.2_s10,C90b,3,8,0.05,0.2,10.0,2.0,2.2777952206523637,12.61531484388627,14.893110064538636,206.53817749023438,169.6013946533203,0.0,206538177.49023438
C90b_wc3_h8_kc0.05_kh0.3_s10,C90b,3,8,0.05,0.3,10.0,2.0,2.2777952206523637,12.61531484388627,14.893110064538636,206.53817749023438,148.40121459960938,0.0,206538177.49023438
C90b_wc3_h8_kc0.10_kh0.2_s10,C90b,3,8,0.1,0.2,10.0,2.0,2.2777952206523637,12.61531484388627,14.893110064538636,195.66775512695312,169.6013946533203,0.0,195667755.12695312
C90b_wc3_h8_kc0.10_kh0.3_s10,C90b,3,8,0.1,0.3,10.0,2.0,2.2777952206523637,12.61531484388627,14.893110064538636,195.66775512695312,148.40121459960938,0.0,195667755.12695312
C90b_wc3_h8_kc0.00_kh0.2_s15,C90b,3,8,0.0,0.2,15.0,2.0,2.2777952206523637,12.61531484388627,14.893110064538636,221.6337890625,173.3277130126953,0.0,221633789.0625
C90b_wc3_h8_kc0.00_kh0.3_s15,C90b,3,8,0.0,0.3,15.0,2.0,2.2777952206523637,12.61531484388627,14.893110064538636,221.6337890625,151.6616973876953,0.0,221633789.0625
C90b_wc3_h8_kc0.05_kh0.2_s15,C90b,3,8,0.05,0.2,15.0,2.0,2.2777952206523637,12.61531484388627,14.893110064538636,210.5520782470703,173.3277130126953,0.0,210552078.2470703
C90b_wc3_h8_kc0.05_kh0.3_s15,C90b,3,8,0.05,0.3,15.0,2.0,2.2777952206523637,12.61531484388627,14.893110064538636,210.5520782470703,151.6616973876953,0.0,210552078.2470703
C90b_wc3_h8_kc0.10_kh0.2_s15,C90b,3,8,0.1,0.2,15.0,2.0,2.2777952206523637,12.61531484388627,14.893110064538636,199.47039794921875,173.3277130126953,0.0,199470397.94921875
C90b_wc3_h8_kc0.10_kh0.3_s15,C90b,3,8,0.1,0.3,15.0,2.0,2.2777952206523637,12.61531484388627,14.893110064538636,199.47039794921875,151.6616973876953,0.0,199470397.94921875
C90b_wc5_h4_kc0.00_kh0.2_s10,C90b,5,4,0.0,0.2,10.0,2.0,5.140589569160998,6.206017791732077,11.346607360893076,219.1758575439453,165.056396484375,0.0,219175857.5439453
C90b_wc5_h4_kc0.00_kh0.3_s10,C90b,5,4,0.0,0.3,10.0,2.0,5.140589569160998,6.206017791732077,11.346607360893076,219.1758575439453,144.42430114746094,0.0,219175857.5439453
C90b_wc5_h4_kc0.05_kh0.2_s10,C90b,5,4,0.05,0.2,10.0,2.0,5.140589569160998,6.206017791732077,11.346607360893076,208.21705627441406,165.056396484375,0.0,208217056.27441406
C90b_wc5_h4_kc0.05_kh0.3_s10,C90b,5,4,0.05,0.3,10.0,2.0,5.140589569160998,6.206017791732077,11.346607360893076,208.21705627441406,144.42430114746094,0.0,208217056.27441406
C90b_wc5_h4_kc0.10_kh0.2_s10,C90b,5,4,0.1,0.2,10.0,2.0,5.140589569160998,6.206017791732077,11.346607360893076,197.25828552246094,165.056396484375,0.0,197258285.52246094
C90b_wc5_h4_kc0.10_kh0.3_s10,C90b,5,4,0.1,0.3,10.0,2.0,5.140589569160998,6.206017791732077,11.346607360893076,197.25828552246094,144.42430114746094,0.0,197258285.52246094
C90b_wc5_h4_kc0.00_kh0.2_s15,C90b,5,4,0.0,0.2,15.0,2.0,5.140589569160998,6.206017791732077,11.346607360893076,223.63111877441406,171.4532928466797,0.0,223631118.77441406
C90b_wc5_h4_kc0.00_kh0.3_s15,C90b,5,4,0.0,0.3,15.0,2.0,5.140589569160998,6.206017791732077,11.346607360893076,223.63111877441406,150.0215301513672,0.0,223631118.77441406
C90b_wc5_h4_kc0.05_kh0.2_s15,C90b,5,4,0.05,0.2,15.0,2.0,5.140589569160998,6.206017791732077,11.346607360893076,212.44955444335938,171.4532928466797,0.0,212449554.44335938
C90b_wc5_h4_kc0.05_kh0.3_s15,C90b,5,4,0.05,0.3,15.0,2.0,5.140589569160998,6.206017791732077,11.346607360893076,212.44955444335938,150.0215301513672,0.0,212449554.44335938
C90b_wc5_h4_kc0.10_kh0.2_s15,C90b,5,4,0.1,0.2,15.0,2.0,5.140589569160998,6.206017791732077,11.346607360893076,201.2680206298828,171.4532928466797,0.0,201268020.6298828
C90b_wc5_h4_kc0.10_kh0.3_s15,C90b,5,4,0.1,0.3,15.0,2.0,5.140589569160998,6.206017791732077,11.346607360893076,201.2680206298828,150.0215301513672,0.0,201268020.6298828
C90b_wc5_h8_kc0.00_kh0.2_s10,C90b,5,8,0.0,0.2,10.0,2.0,5.140589569160998,13.708442351299494,18.84903192046049,232.86712646484375,163.11215209960938,0.0,232867126.46484375
C90b_wc5_h8_kc0.00_kh0.3_s10,C90b,5,8,0.0,0.3,10.0,2.0,5.140589569160998,13.708442351299494,18.84903192046049,232.86712646484375,142.72303771972656,0.0,232867126.46484375
C90b_wc5_h8_kc0.05_kh0.2_s10,C90b,5,8,0.05,0.2,10.0,2.0,5.140589569160998,13.708442351299494,18.84903192046049,221.22378540039062,163.11215209960938,0.0,221223785.40039062
C90b_wc5_h8_kc0.05_kh0.3_s10,C90b,5,8,0.05,0.3,10.0,2.0,5.140589569160998,13.708442351299494,18.84903192046049,221.22378540039062,142.72303771972656,0.0,221223785.40039062
C90b_wc5_h8_kc0.10_kh0.2_s10,C90b,5,8,0.1,0.2,10.0,2.0,5.140589569160998,13.708442351299494,18.84903192046049,209.58042907714844,163.11215209960938,0.0,209580429.07714844
C90b_wc5_h8_kc0.10_kh0.3_s10,C90b,5,8,0.1,0.3,10.0,2.0,5.140589569160998,13.708442351299494,18.84903192046049,209.58042907714844,142.72303771972656,0.0,209580429.07714844
C90b_wc5_h8_kc0.00_kh0.2_s15,C90b,5,8,0.0,0.2,15.0,2.0,5.140589569160998,13.708442351299494,18.84903192046049,233.70932006835938,166.477783203125,0.0,233709320.06835938
C90b_wc5_h8_kc0.00_kh0.3_s15,C90b,5,8,0.0,0.3,15.0,2.0,5.140589569160998,13.708442351299494,18.84903192046049,233.70932006835938,145.6680145263672,0.0,233709320.06835938
C90b_wc5_h8_kc0.05_kh0.2_s15,C90b,5,8,0.05,0.2,15.0,2.0,5.140589569160998,13.708442351299494,18.84903192046049,222.0238800048828,166.477783203125,0.0,222023880.0048828
C90b_wc5_h8_kc0.05_kh0.3_s15,C90b,5,8,0.05,0.3,15.0,2.0,5.140589569160998,13.708442351299494,18.84903192046049,222.0238800048828,145.6680145263672,0.0,222023880.0048828
C90b_wc5_h8_kc0.10_kh0.2_s15,C90b,5,8,0.1,0.2,15.0,2.0,5.140589569160998,13.708442351299494,18.84903192046049,210.33839416503906,166.477783203125,0.0,210338394.16503906
C90b_wc5_h8_kc0.10_kh0.3_s15,C90b,5,8,0.1,0.3,15.0,2.0,5.140589569160998,13.708442351299494,18.84903192046049,210.33839416503906,145.6680145263672,0.0,210338394.16503906
C90b_wc7_h4_kc0.00_kh0.2_s10,C90b,7,4,0.0,0.2,10.0,2.0,8.024001395429966,6.63886272457701,14.662864120006978,225.3602294921875,158.0795440673828,0.0,225360229.4921875
C90b_wc7_h4_kc0.00_kh0.3_s10,C90b,7,4,0.0,0.3,10.0,2.0,8.024001395429966,6.63886272457701,14.662864120006978,225.3602294921875,138.3195343017578,0.0,225360229.4921875
C90b_wc7_h4_kc0.05_kh0.2_s10,C90b,7,4,0.05,0.2,10.0,2.0,8.024001395429966,6.63886272457701,14.662864120006978,214.09222412109375,158.0795440673828,0.0,214092224.12109375
C90b_wc7_h4_kc0.05_kh0.3_s10,C90b,7,4,0.05,0.3,10.0,2.0,8.024001395429966,6.63886272457701,14.662864120006978,214.09222412109375,138.3195343017578,0.0,214092224.12109375
C90b_wc7_h4_kc0.10_kh0.2_s10,C90b,7,4,0.1,0.2,10.0,2.0,8.024001395429966,6.63886272457701,14.662864120006978,202.82421875,158.0795440673828,0.0,202824218.75
C90b_wc7_h4_kc0.10_kh0.3_s10,C90b,7,4,0.1,0.3,10.0,2.0,8.024001395429966,6.63886272457701,14.662864120006978,202.82421875,138.3195343017578,0.0,202824218.75
C90b_wc7_h4_kc0.00_kh0.2_s15,C90b,7,4,0.0,0.2,15.0,2.0,8.024001395429966,6.63886272457701,14.662864120006978,227.84849548339844,164.00830078125,0.0,227848495.48339844
C90b_wc7_h4_kc0.00_kh0.3_s15,C90b,7,4,0.0,0.3,15.0,2.0,8.024001395429966,6.63886272457701,14.662864120006978,227.84849548339844,143.5072021484375,0.0,227848495.48339844
C90b_wc7_h4_kc0.05_kh0.2_s15,C90b,7,4,0.05,0.2,15.0,2.0,8.024001395429966,6.63886272457701,14.662864120006978,216.45608520507812,164.00830078125,0.0,216456085.20507812
C90b_wc7_h4_kc0.05_kh0.3_s15,C90b,7,4,0.05,0.3,15.0,2.0,8.024001395429966,6.63886272457701,14.662864120006978,216.45608520507812,143.5072021484375,0.0,216456085.20507812
C90b_wc7_h4_kc0.10_kh0.2_s15,C90b,7,4,0.1,0.2,15.0,2.0,8.024001395429966,6.63886272457701,14.662864120006978,205.0636444091797,164.00830078125,0.0,205063644.4091797
C90b_wc7_h4_kc0.10_kh0.3_s15,C90b,7,4,0.1,0.3,15.0,2.0,8.024001395429966,6.63886272457701,14.662864120006978,205.0636444091797,143.5072021484375,0.0,205063644.4091797
C90b_wc7_h8_kc0.00_kh0.2_s10,C90b,7,8,0.0,0.2,10.0,2.0,8.024001395429966,14.317599860457003,22.34160125588697,236.2236328125,156.5979766845703,0.0,236223632.8125
C90b_wc7_h8_kc0.00_kh0.3_s10,C90b,7,8,0.0,0.3,10.0,2.0,8.024001395429966,14.317599860457003,22.34160125588697,236.2236328125,137.02317810058594,0.0,236223632.8125
C90b_wc7_h8_kc0.05_kh0.2_s10,C90b,7,8,0.05,0.2,10.0,2.0,8.024001395429966,14.317599860457003,22.34160125588697,224.41241455078125,156.5979766845703,0.0,224412414.55078125
C90b_wc7_h8_kc0.05_kh0.3_s10,C90b,7,8,0.05,0.3,10.0,2.0,8.024001395429966,14.317599860457003,22.34160125588697,224.41241455078125,137.02317810058594,0.0,224412414.55078125
C90b_wc7_h8_kc0.10_kh0.2_s10,C90b,7,8,0.1,0.2,10.0,2.0,8.024001395429966,14.317599860457003,22.34160125588697,212.6012420654297,156.5979766845703,0.0,212601242.0654297
C90b_wc7_h8_kc0.10_kh0.3_s10,C90b,7,8,0.1,0.3,10.0,2.0,8.024001395429966,14.317599860457003,22.34160125588697,212.6012420654297,137.02317810058594,0.0,212601242.0654297
C90b_wc7_h8_kc0.00_kh0.2_s15,C90b,7,8,0.0,0.2,15.0,2.0,8.024001395429966,14.317599860457003,22.34160125588697,236.02622985839844,159.78280639648438,0.0,236026229.85839844
C90b_wc7_h8_kc0.00_kh0.3_s15,C90b,7,8,0.0,0.3,15.0,2.0,8.024001395429966,14.317599860457003,22.34160125588697,236.02622985839844,139.80990600585938,0.0,236026229.85839844
C90b_wc7_h8_kc0.05_kh0.2_s15,C90b,7,8,0.05,0.2,15.0,2.0,8.024001395429966,14.317599860457003,22.34160125588697,224.22483825683594,159.78280639648438,0.0,224224838.25683594
C90b_wc7_h8_kc0.05_kh0.3_s15,C90b,7,8,0.05,0.3,15.0,2.0,8.024001395429966,14.317599860457003,22.34160125588697,224.22483825683594,139.80990600585938,0.0,224224838.25683594
C90b_wc7_h8_kc0.10_kh0.2_s15,C90b,7,8,0.1,0.2,15.0,2.0,8.024001395429966,14.317599860457003,22.34160125588697,212.42356872558594,159.78280639648438,0.0,212423568.72558594
C90b_wc7_h8_kc0.10_kh0.3_s15,C90b,7,8,0.1,0.3,15.0,2.0,8.024001395429966,14.317599860457003,22.34160125588697,212.42356872558594,139.80990600585938,0.0,212423568.72558594
D85b_wc3_h4_kc0.00_kh0.2_s10,D85b,3,4,0.0,0.2,10.0,2.0,4.561451247165533,9.587214372928658,14.148665620094192,203.49766540527344,157.20277404785156,0.0,203497665.40527344
D85b_wc3_h4_kc0.00_kh0.3_s10,D85b,3,4,0.0,0.3,10.0,2.0,4.561451247165533,9.587214372928658,14.148665620094192,203.49766540527344,137.5523681640625,0.0,203497665.40527344
D85b_wc3_h4_kc0.05_kh0.2_s10,D85b,3,4,0.05,0.2,10.0,2.0,4.561451247165533,9.587214372928658,14.148665620094192,193.32275390625,157.20277404785156,0.0,193322753.90625
D85b_wc3_h4_kc0.05_kh0.3_s10,D85b,3,4,0.05,0.3,10.0,2.0,4.561451247165533,9.587214372928658,14.148665620094192,193.32275390625,137.5523681640625,0.0,193322753.90625
D85b_wc3_h4_kc0.10_kh0.2_s10,D85b,3,4,0.1,0.2,10.0,2.0,4.561451247165533,9.587214372928658,14.148665620094192,183.1479034423828,157.20277404785156,0.0,183147903.4423828
D85b_wc3_h4_kc0.10_kh0.3_s10,D85b,3,4,0.1,0.3,10.0,2.0,4.561451247165533,9.587214372928658,14.148665620094192,183.1479034423828,137.5523681640625,0.0,183147903.4423828
D85b_wc3_h4_kc0.00_kh0.2_s15,D85b,3,4,0.0,0.2,15.0,2.0,4.561451247165533,9.587214372928658,14.148665620094192,208.60328674316406,163.2942352294922,0.0,208603286.74316406
D85b_wc3_h4_kc0.00_kh0.3_s15,D85b,3,4,0.0,0.3,15.0,2.0,4.561451247165533,9.587214372928658,14.148665620094192,208.60328674316406,142.88233947753906,0.0,208603286.74316406
D85b_wc3_h4_kc0.05_kh0.2_s15,D85b,3,4,0.05,0.2,15.0,2.0,4.561451247165533,9.587214372928658,14.148665620094192,198.1731414794922,163.2942352294922,0.0,198173141.4794922
D85b_wc3_h4_kc0.05_kh0.3_s15,D85b,3,4,0.05,0.3,15.0,2.0,4.561451247165533,9.587214372928658,14.148665620094192,198.1731414794922,142.88233947753906,0.0,198173141.4794922
D85b_wc3_h4_kc0.10_kh0.2_s15,D85b,3,4,0.1,0.2,15.0,2.0,4.561451247165533,9.587214372928658,14.148665620094192,187.74295043945312,163.2942352294922,0.0,187742950.43945312
D85b_wc3_h4_kc0.10_kh0.3_s15,D85b,3,4,0.1,0.3,15.0,2.0,4.561451247165533,9.587214372928658,14.148665620094192,187.74295043945312,142.88233947753906,0.0,187742950.43945312
D85b_wc3_h8_kc0.00_kh0.2_s10,D85b,3,8,0.0,0.2,10.0,2.0,4.561451247165533,21.418873190301763,25.980324437467296,221.3177490234375,156.06204223632812,0.0,221317749.0234375
D85b_wc3_h8_kc0.00_kh0.3_s10,D85b,3,8,0.0,0.3,10.0,2.0,4.561451247165533,21.418873190301763,25.980324437467296,221.3177490234375,136.5542449951172,0.0,221317749.0234375
D85b_wc3_h8_kc0.05_kh0.2_s10,D85b,3,8,0.05,0.2,10.0,2.0,4.561451247165533,21.418873190301763,25.980324437467296,210.25184631347656,156.06204223632812,0.0,210251846.31347656
D85b_wc3_h8_kc0.05_kh0.3_s10,D85b,3,8,0.05,0.3,10.0,2.0,4.561451247165533,21.418873190301763,25.980324437467296,210.25184631347656,136.5542449951172,0.0,210251846.31347656
D85b_wc3_h8_kc0.10_kh0.2_s10,D85b,3,8,0.1,0.2,10.0,2.0,4.561451247165533,21.418873190301763,25.980324437467296,199.18600463867188,156.06204223632812,0.0,199186004.63867188
D85b_wc3_h8_kc0.10_kh0.3_s10,D85b,3,8,0.1,0.3,10.0,2.0,4.561451247165533,21.418873190301763,25.980324437467296,199.18600463867188,136.5542449951172,0.0,199186004.63867188
D85b_wc3_h8_kc0.00_kh0.2_s15,D85b,3,8,0.0,0.2,15.0,2.0,4.561451247165533,21.418873190301763,25.980324437467296,222.77145385742188,159.1854705810547,0.0,222771453.85742188
D85b_wc3_h8_kc0.00_kh0.3_s15,D85b,3,8,0.0,0.3,15.0,2.0,4.561451247165533,21.418873190301763,25.980324437467296,222.77145385742188,139.2872314453125,0.0,222771453.85742188
D85b_wc3_h8_kc0.05_kh0.2_s15,D85b,3,8,0.05,0.2,15.0,2.0,4.561451247165533,21.418873190301763,25.980324437467296,211.63287353515625,159.1854705810547,0.0,211632873.53515625
D85b_wc3_h8_kc0.05_kh0.3_s15,D85b,3,8,0.05,0.3,15.0,2.0,4.561451247165533,21.418873190301763,25.980324437467296,211.63287353515625,139.2872314453125,0.0,211632873.53515625
D85b_wc3_h8_kc0.10_kh0.2_s15,D85b,3,8,0.1,0.2,15.0,2.0,4.561451247165533,21.418873190301763,25.980324437467296,200.49427795410156,159.1854705810547,0.0,200494277.95410156
D85b_wc3_h8_kc0.10_kh0.3_s15,D85b,3,8,0.1,0.3,15.0,2.0,4.561451247165533,21.418873190301763,25.980324437467296,200.49427795410156,139.2872314453125,0.0,200494277.95410156
D85b_wc5_h4_kc0.00_kh0.2_s10,D85b,5,4,0.0,0.2,10.0,2.0,9.916012558869703,10.497592883307169,20.41360544217687,214.04226684570312,149.94189453125,0.0,214042266.84570312
D85b_wc5_h4_kc0.00_kh0.3_s10,D85b,5,4,0.0,0.3,10.0,2.0,9.916012558869703,10.497592883307169,20.41360544217687,214.04226684570312,131.19908142089844,0.0,214042266.84570312
D85b_wc5_h4_kc0.05_kh0.2_s10,D85b,5,4,0.05,0.2,10.0,2.0,9.916012558869703,10.497592883307169,20.41360544217687,203.3402099609375,149.94189453125,0.0,203340209.9609375
D85b_wc5_h4_kc0.05_kh0.3_s10,D85b,5,4,0.05,0.3,10.0,2.0,9.916012558869703,10.497592883307169,20.41360544217687,203.3402099609375,131.19908142089844,0.0,203340209.9609375
D85b_wc5_h4_kc0.10_kh0.2_s10,D85b,5,4,0.1,0.2,10.0,2.0,9.916012558869703,10.497592883307169,20.41360544217687,192.63803100585938,149.94189453125,0.0,192638031.00585938
D85b_wc5_h4_kc0.10_kh0.3_s10,D85b,5,4,0.1,0.3,10.0,2.0,9.916012558869703,10.497592883307169,20.41360544217687,192.63803100585938,131.19908142089844,0.0,192638031.00585938
D85b_wc5_h4_kc0.00_kh0.2_s15,D85b,5,4,0.0,0.2,15.0,2.0,9.916012558869703,10.497592883307169,20.41360544217687,216.2001495361328,155.61476135253906,0.0,216200149.5361328
D85b_wc5_h4_kc0.00_kh0.3_s15,D85b,5,4,0.0,0.3,15.0,2.0,9.916012558869703,10.497592883307169,20.41360544217687,216.2001495361328,136.16285705566406,0.0,216200149.5361328
D85b_wc5_h4_kc0.05_kh0.2_s15,D85b,5,4,0.05,0.2,15.0,2.0,9.916012558869703,10.497592883307169,20.41360544217687,205.39015197753906,155.61476135253906,0.0,205390151.97753906
D85b_wc5_h4_kc0.05_kh0.3_s15,D85b,5,4,0.05,0.3,15.0,2.0,9.916012558869703,10.497592883307169,20.41360544217687,205.39015197753906,136.16285705566406,0.0,205390151.97753906
D85b_wc5_h4_kc0.10_kh0.2_s15,D85b,5,4,0.1,0.2,15.0,2.0,9.916012558869703,10.497592883307169,20.41360544217687,194.58016967773438,155.61476135253906,0.0,194580169.67773438
D85b_wc5_h4_kc0.10_kh0.3_s15,D85b,5,4,0.1,0.3,15.0,2.0,9.916012558869703,10.497592883307169,20.41360544217687,194.58016967773438,136.16285705566406,0.0,194580169.67773438
D85b_wc5_h8_kc0.00_kh0.2_s10,D85b,5,8,0.0,0.2,10.0,2.0,9.916012558869703,21.94753183324612,31.863544392115823,226.83628845214844,149.04942321777344,0.0,226836288.45214844
D85b_wc5_h8_kc0.00_kh0.3_s10,D85b,5,8,0.0,0.3,10.0,2.0,9.916012558869703,21.94753183324612,31.863544392115823,226.83628845214844,130.41815185546875,0.0,226836288.45214844
D85b_wc5_h8_kc0.05_kh0.2_s10,D85b,5,8,0.05,0.2,10.0,2.0,9.916012558869703,21.94753183324612,31.863544392115823,215.49452209472656,149.04942321777344,0.0,215494522.09472656
D85b_wc5_h8_kc0.05_kh0.3_s10,D85b,5,8,0.05,0.3,10.0,2.0,9.916012558869703,21.94753183324612,31.863544392115823,215.49452209472656,130.41815185546875,0.0,215494522.09472656
D85b_wc5_h8_kc0.10_kh0.2_s10,D85b,5,8,0.1,0.2,10.0,2.0,9.916012558869703,21.94753183324612,31.863544392115823,204.15269470214844,149.04942321777344,0.0,204152694.70214844
D85b_wc5_h8_kc0.10_kh0.3_s10,D85b,5,8,0.1,0.3,10.0,2.0,9.916012558869703,21.94753183324612,31.863544392115823,204.15269470214844,130.41815185546875,0.0,204152694.70214844
D85b_wc5_h8_kc0.00_kh0.2_s15,D85b,5,8,0.0,0.2,15.0,2.0,9.916012558869703,21.94753183324612,31.863544392115823,225.9747772216797,152.01609802246094,0.0,225974777.2216797
D85b_wc5_h8_kc0.00_kh0.3_s15,D85b,5,8,0.0,0.3,15.0,2.0,9.916012558869703,21.94753183324612,31.863544392115823,225.9747772216797,133.01402282714844,0.0,225974777.2216797
D85b_wc5_h8_kc0.05_kh0.2_s15,D85b,5,8,0.05,0.2,15.0,2.0,9.916012558869703,21.94753183324612,31.863544392115823,214.6760711669922,152.01609802246094,0.0,214676071.1669922
D85b_wc5_h8_kc0.05_kh0.3_s15,D85b,5,8,0.05,0.3,15.0,2.0,9.916012558869703,21.94753183324612,31.863544392115823,214.6760711669922,133.01402282714844,0.0,214676071.1669922
D85b_wc5_h8_kc0.10_kh0.2_s15,D85b,5,8,0.1,0.2,15.0,2.0,9.916012558869703,21.94753183324612,31.863544392115823,203.37730407714844,152.01609802246094,0.0,203377304.07714844
D85b_wc5_h8_kc0.10_kh0.3_s15,D85b,5,8,0.1,0.3,15.0,2.0,9.916012558869703,21.94753183324612,31.863544392115823,203.37730407714844,133.01402282714844,0.0,203377304.07714844
D85b_wc7_h4_kc0.00_kh0.2_s10,D85b,7,4,0.0,0.2,10.0,2.0,14.983673469387753,10.643101343101343,25.6267748124891,215.11297607421875,142.50799560546875,0.0,215112976.07421875
D85b_wc7_h4_kc0.00_kh0.3_s10,D85b,7,4,0.0,0.3,10.0,2.0,14.983673469387753,10.643101343101343,25.6267748124891,215.11297607421875,124.6944351196289,0.0,215112976.07421875
D85b_wc7_h4_kc0.05_kh0.2_s10,D85b,7,4,0.05,0.2,10.0,2.0,14.983673469387753,10.643101343101343,25.6267748124891,204.35731506347656,142.50799560546875,0.0,204357315.06347656
D85b_wc7_h4_kc0.05_kh0.3_s10,D85b,7,4,0.05,0.3,10.0,2.0,14.983673469387753,10.643101343101343,25.6267748124891,204.35731506347656,124.6944351196289,0.0,204357315.06347656
D85b_wc7_h4_kc0.10_kh0.2_s10,D85b,7,4,0.1,0.2,10.0,2.0,14.983673469387753,10.643101343101343,25.6267748124891,193.60165405273438,142.50799560546875,0.0,193601654.05273438
D85b_wc7_h4_kc0.10_kh0.3_s10,D85b,7,4,0.1,0.3,10.0,2.0,14.983673469387753,10.643101343101343,25.6267748124891,193.60165405273438,124.6944351196289,0.0,193601654.05273438
D85b_wc7_h4_kc0.00_kh0.2_s15,D85b,7,4,0.0,0.2,15.0,2.0,14.983673469387753,10.643101343101343,25.6267748124891,216.10438537597656,148.1473846435547,0.0,216104385.37597656
D85b_wc7_h4_kc0.00_kh0.3_s15,D85b,7,4,0.0,0.3,15.0,2.0,14.983673469387753,10.643101343101343,25.6267748124891,216.10438537597656,129.6288604736328,0.0,216104385.37597656
D85b_wc7_h4_kc0.05_kh0.2_s15,D85b,7,4,0.05,0.2,15.0,2.0,14.983673469387753,10.643101343101343,25.6267748124891,205.29910278320312,148.1473846435547,0.0,205299102.78320312
D85b_wc7_h4_kc0.05_kh0.3_s15,D85b,7,4,0.05,0.3,15.0,2.0,14.983673469387753,10.643101343101343,25.6267748124891,205.29910278320312,129.6288604736328,0.0,205299102.78320312
D85b_wc7_h4_kc0.10_kh0.2_s15,D85b,7,4,0.1,0.2,15.0,2.0,14.983673469387753,10.643101343101343,25.6267748124891,194.49392700195312,148.1473846435547,0.0,194493927.00195312
D85b_wc7_h4_kc0.10_kh0.3_s15,D85b,7,4,0.1,0.3,15.0,2.0,14.983673469387753,10.643101343101343,25.6267748124891,194.49392700195312,129.6288604736328,0.0,194493927.00195312
D85b_wc7_h8_kc0.00_kh0.2_s10,D85b,7,8,0.0,0.2,10.0,2.0,14.983673469387753,21.813535670678526,36.797209140066286,226.4921417236328,142.85426330566406,0.0,226492141.7236328
D85b_wc7_h8_kc0.00_kh0.3_s10,D85b,7,8,0.0,0.3,10.0,2.0,14.983673469387753,21.813535670678526,36.797209140066286,226.4921417236328,124.99745178222656,0.0,226492141.7236328
D85b_wc7_h8_kc0.05_kh0.2_s10,D85b,7,8,0.05,0.2,10.0,2.0,14.983673469387753,21.813535670678526,36.797209140066286,215.1675262451172,142.85426330566406,0.0,215167526.2451172
D85b_wc7_h8_kc0.05_kh0.3_s10,D85b,7,8,0.05,0.3,10.0,2.0,14.983673469387753,21.813535670678526,36.797209140066286,215.1675262451172,124.99745178222656,0.0,215167526.2451172
D85b_wc7_h8_kc0.10_kh0.2_s10,D85b,7,8,0.1,0.2,10.0,2.0,14.983673469387753,21.813535670678526,36.797209140066286,203.84291076660156,142.85426330566406,0.0,203842910.76660156
D85b_wc7_h8_kc0.10_kh0.3_s10,D85b,7,8,0.1,0.3,10.0,2.0,14.983673469387753,21.813535670678526,36.797209140066286,203.84291076660156,124.99745178222656,0.0,203842910.76660156
D85b_wc7_h8_kc0.00_kh0.2_s15,D85b,7,8,0.0,0.2,15.0,2.0,14.983673469387753,21.813535670678526,36.797209140066286,224.7399139404297,145.80487060546875,0.0,224739913.9404297
D85b_wc7_h8_kc0.00_kh0.3_s15,D85b,7,8,0.0,0.3,15.0,2.0,14.983673469387753,21.813535670678526,36.797209140066286,224.7399139404297,127.5792236328125,0.0,224739913.9404297
D85b_wc7_h8_kc0.05_kh0.2_s15,D85b,7,8,0.05,0.2,15.0,2.0,14.983673469387753,21.813535670678526,36.797209140066286,213.50289916992188,145.80487060546875,0.0,213502899.16992188
D85b_wc7_h8_kc0.05_kh0.3_s15,D85b,7,8,0.05,0.3,15.0,2.0,14.983673469387753,21.813535670678526,36.797209140066286,213.50289916992188,127.5792236328125,0.0,213502899.16992188
D85b_wc7_h8_kc0.10_kh0.2_s15,D85b,7,8,0.1,0.2,15.0,2.0,14.983673469387753,21.813535670678526,36.797209140066286,202.2659454345703,145.80487060546875,0.0,202265945.4345703
D85b_wc7_h8_kc0.10_kh0.3_s15,D85b,7,8,0.1,0.3,15.0,2.0,14.983673469387753,21.813535670678526,36.797209140066286,202.2659454345703,127.5792236328125,0.0,202265945.4345703
